y_true,y_pred
67,80.11764705882354
92,80.11764705882354
