y_true,y_pred
81,80.11764705882354
89,80.11764705882354
89,80.11764705882354
88,80.11764705882354
90,80.11764705882354
-100,-10.0
10,80.11764705882354
95,80.11764705882354
82,80.11764705882354
90,80.11764705882354
42,-10.0
50,80.11764705882354
28,-10.0
91,80.11764705882354
66,80.11764705882354
85,80.11764705882354
90,80.11764705882354
86,80.11764705882354
92,80.11764705882354
88,80.11764705882354
