{
    "C": 534.1638330462414,
    "epsilon": 0.2442304985571411,
    "kernel": "rbf",
    "gamma": 0.00010027526851536836
}