y_true,y_pred
10,9.448031740541945
90,79.53676247515723
