y_true,y_pred
67,68.17178603411458
92,84.70501443665567
