y_true,y_pred
81,39.15065519390271
89,79.54405624942876
89,82.3066799224103
88,68.25985022282606
90,81.12045994351509
-100,-36.659723403965444
10,13.822013218500128
95,89.37657395866525
82,67.73600628373609
90,91.66070119959912
42,38.65046019667831
50,56.46362066091547
28,29.393178002166543
91,91.05688200310345
66,49.93581073679721
85,71.54383338472299
90,83.85235742904155
86,85.71284031935208
92,90.26213281263296
88,76.67514331574456
