{
    "n_estimators": 500,
    "learning_rate": 0.005730841510682423,
    "max_depth": 6,
    "min_child_weight": 4,
    "gamma": 0.4058052791664554,
    "subsample": 0.9697599358049707,
    "colsample_bytree": 0.9861277215727311,
    "reg_alpha": 2.9854256955133826e-08,
    "reg_lambda": 5.766597078054019e-07
}