y_true,y_pred
81,66.16666666666667
89,86.25
89,86.25
88,66.16666666666667
90,86.25
-100,66.16666666666667
10,61.666666666666664
95,86.25
82,66.16666666666667
90,86.25
42,77.33333333333333
50,86.25
28,77.66666666666667
91,86.25
66,80.5
85,82.41666666666667
90,86.25
86,86.25
92,86.25
88,86.25
