y_true,y_pred
10,-8.936509054464281
90,89.06880344072297
