y_true,y_pred
67,65.07480521239363
92,87.74228050442044
