y_true,y_pred
81,80.99992299826741
89,88.99999984647108
89,88.99999992625996
88,88.00000936515963
90,89.99999968081744
-100,-99.99991677862748
10,10.000007577280897
95,94.9999993748861
82,81.99999969467785
90,89.99998279439488
42,41.999996262282366
50,50.00000154596026
28,28.000000531207085
91,91.00000007440246
66,65.9999978759337
85,84.99999912738465
90,89.99999991245716
86,86.00000048875665
92,91.99999969534798
88,88.00000000667978
