y_true,y_pred
10,39.333333333333336
90,90.66666666666667
