y_true,y_pred
81,52.666666666666664
89,90.5
89,90.5
88,52.666666666666664
90,90.66666666666667
-100,52.666666666666664
10,70.0
95,90.33333333333333
82,55.333333333333336
90,59.333333333333336
42,39.333333333333336
50,84.0
28,39.333333333333336
91,59.333333333333336
66,53.333333333333336
85,53.333333333333336
90,90.66666666666667
86,90.66666666666667
92,90.66666666666667
88,90.83333333333333
