y_true,y_pred
67,52.666666666666664
92,90.33333333333333
