{
    "C": 14.29332014179254,
    "epsilon": 0.015602079710137886,
    "kernel": "rbf",
    "gamma": 0.0003698299642998578
}