y_true,y_pred
81,80.75616732667896
89,88.7559119175042
89,88.75546797012338
88,86.56185467999344
90,89.75561070756453
-100,77.31566437441039
10,10.245168531135846
95,94.7557184144732
82,82.24431465421549
90,89.7554753629519
42,41.75587385386447
50,61.46923193050121
28,28.24452886325132
91,91.04329980154041
66,65.7563793296039
85,84.75580550673796
90,89.75553707239239
86,86.24410819886117
92,91.75544242838643
88,87.75553310021714
