y_true,y_pred
67,72.35627937186257
92,87.58567160028284
