y_true,y_pred
10,14.213533253005409
90,89.23590836649909
