{
    "alpha": 0.3217238823312572,
    "kernel": "rbf",
    "gamma": 0.0014812254086025646
}