{
    "max_iter": 200,
    "max_depth": 8,
    "learning_rate": 0.0023102018878452934,
    "l2_regularization": 5.415244119402541e-06,
    "n_iter_no_change": 20
}