y_true,y_pred
67,71.18181818181819
92,85.35714285714286
