y_true,y_pred
81,83.57142857142857
89,85.35714285714286
89,85.35714285714286
88,85.3076923076923
90,85.33333333333333
-100,-100.0
10,10.0
95,86.5
82,83.14285714285714
90,86.0
42,42.0
50,50.0
28,32.666666666666664
91,86.11111111111111
66,66.0
85,83.57142857142857
90,86.11111111111111
86,86.0
92,86.5
88,85.35714285714286
