y_true,y_pred
67,66.14666666666666
92,88.97166666666666
