y_true,y_pred
81,73.335
89,88.05333333333333
89,88.97166666666666
88,73.58833333333334
90,87.97833333333334
-100,3.7533333333333334
10,33.48833333333334
95,90.00333333333333
82,75.635
90,88.98833333333333
42,38.54666666666667
50,67.70333333333333
28,34.13666666666666
91,89.57833333333333
66,61.98166666666667
85,78.17833333333333
90,89.61833333333334
86,88.94
92,89.635
88,88.965
