{
    "alpha": 0.0015414412512514597,
    "kernel": "poly",
    "gamma": 0.0004713089879909281,
    "degree": 4
}