y_true,y_pred
10,0.4022851853865177
90,89.53169848158723
