y_true,y_pred
67,66.19537146882749
92,86.9279965400392
