y_true,y_pred
81,76.16938141212177
89,88.98353462907244
89,88.98662531398895
88,88.23619160600992
90,89.9759265772891
-100,-94.28061337581494
10,10.437774661595085
95,94.946861954415
82,81.94326629637226
90,88.81449774873045
42,41.78027049367756
50,50.09879621931441
28,28.04726260558982
91,90.95910740918498
66,65.98058645038691
85,84.84305284517586
90,89.9895997196245
86,86.02129587792251
92,91.9689849344395
88,87.99497420857415
