y_true,y_pred
67,67.24259288924176
92,87.85561515457061
