y_true,y_pred
81,80.98656878381982
89,88.98700389471419
89,88.98677104395762
88,88.01267654292039
90,89.98709274868129
-100,-25.265743728464273
10,10.013251219449174
95,94.986681334655
82,81.98672149138861
90,89.98643746166407
42,41.986616823678695
50,50.01324534519499
28,28.01366733599999
91,91.01282691551772
66,66.01342130612386
85,84.9868640012526
90,89.98710830278682
86,86.0134573377719
92,91.98660115539145
88,88.01351060619808
