y_true,y_pred
10,5.611145163389395
90,89.1148872054205
