y_true,y_pred
88,89.53516
90,90.1152
90,89.53516
90,89.53516
90,90.12081
92,89.53516
86,86.25992
10,10.106888
67,66.93385
90,90.12491
90,89.53516
85,85.044464
42,42.11285
10,9.983784
90,90.17859
88,88.08082
81,80.9559
89,88.64036
-100,-99.90949
92,91.81176
90,89.91869
90,89.53516
50,50.033493
95,95.044075
82,81.98228
90,89.53516
28,27.930693
88,89.53516
91,91.2009
66,65.92524
