{
    "n_estimators": 1200,
    "learning_rate": 0.012988262560967663,
    "max_depth": 8,
    "min_child_weight": 3,
    "gamma": 0.2600340105889054,
    "subsample": 0.8186841117373118,
    "colsample_bytree": 0.6739417822102108,
    "reg_alpha": 0.5710537951126793,
    "reg_lambda": 0.01588775693167255
}