y_true,y_pred
67,66.82732
92,88.27959
