y_true,y_pred
81,66.82732
89,86.248
89,88.27959
88,99.36172
90,86.04043
-100,-89.07696
10,10.241506
95,106.93877
82,79.93241
90,90.5356
42,40.029446
50,62.790726
28,31.061785
91,84.736465
66,65.953156
85,86.02288
90,84.00884
86,91.06735
92,88.50539
88,88.27959
