y_true,y_pred
10,37.71395
90,84.00884
