y_true,y_pred
67,68.99025
92,88.18564
