y_true,y_pred
10,34.556156
90,87.08166
