y_true,y_pred
81,80.990395
89,88.81545
89,88.18564
88,87.97696
90,89.82224
-100,-99.99345
10,9.930326
95,95.44847
82,82.076645
90,90.78151
42,42.163906
50,50.56643
28,27.98114
91,90.42285
66,65.91316
85,84.96115
90,90.4441
86,86.032555
92,91.41586
88,88.18564
