{
    "n_estimators": 1200,
    "learning_rate": 0.03702845398896802,
    "max_depth": 4,
    "min_child_weight": 1,
    "gamma": 0.34540641483531154,
    "subsample": 0.8045096940477634,
    "colsample_bytree": 0.9687276012367627,
    "reg_alpha": 3.484207981175779e-08,
    "reg_lambda": 2.0082948018542006e-07
}