{
    "alpha": 0.2715835227788497,
    "kernel": "rbf",
    "gamma": 0.00010766406709502373
}