{
    "n_estimators": 800,
    "learning_rate": 0.17599458507605126,
    "max_depth": 10,
    "min_child_weight": 5,
    "gamma": 0.3286973932249211,
    "subsample": 0.6978968333419412,
    "colsample_bytree": 0.6999303432528106,
    "reg_alpha": 0.0010872340147197394,
    "reg_lambda": 3.688089307156745e-06
}