{
    "C": 4.885599324234726,
    "epsilon": 0.013157345827635425,
    "kernel": "linear",
    "gamma": 3.064172294278159
}