y_true,y_pred
81,85.64285714285714
89,88.25
89,88.25
88,87.36363636363636
90,88.33333333333333
-100,-100.0
10,10.0
95,88.53333333333333
82,87.54545454545455
90,88.25
42,42.0
50,50.0
28,28.0
91,88.53333333333333
66,66.0
85,87.36363636363636
90,88.53333333333333
86,88.25
92,88.53333333333333
88,88.25
