y_true,y_pred
67,67.75398957533685
92,89.45520539674408
