y_true,y_pred
10,34.21041118440975
90,89.13898090977047
