y_true,y_pred
81,80.3143661198708
89,88.64797024800441
89,88.76816959857393
88,88.24497201174044
90,89.99766690002639
-100,-99.3863179308276
10,10.15285339282294
95,94.63811530782883
82,82.14682601981062
90,90.49087216165856
42,41.749022379095194
50,50.301868100354795
28,28.104524018083332
91,91.00915117337019
66,66.22762382541579
85,84.64396240082448
90,89.94191234101862
86,86.29925179133666
92,91.91445929011302
88,87.91383600603585
