{
    "n_estimators": 100,
    "learning_rate": 0.03814694636424542,
    "num_leaves": 93,
    "min_child_samples": 11,
    "subsample": 0.6386934834415707,
    "colsample_bytree": 0.9226916770381399,
    "reg_alpha": 0.018111611176774844,
    "reg_lambda": 0.3687582756468219
}