y_true,y_pred
67,81.19545555509997
92,82.78188722087097
