y_true,y_pred
10,-0.5619805448075397
90,88.81993553894524
