y_true,y_pred
81,34.482145149032846
89,86.66856828725284
89,86.80596268398726
88,65.24150059558943
90,87.59966078568675
-100,-29.642157976786507
10,23.47841085840855
95,89.59319483409517
82,84.04116088681933
90,81.63911009486857
42,39.89604109662793
50,59.5168031680042
28,31.031804112130146
91,84.70730741028001
66,66.20647771286818
85,90.97703966561875
90,88.65741864994492
86,85.49972760938027
92,88.40139634457469
88,87.19842803161643
