y_true,y_pred
67,67.69780111183073
92,89.41199359353764
