y_true,y_pred
10,41.68582891146127
90,91.19616623273342
