y_true,y_pred
81,81.14554467705227
89,89.46137056944269
89,89.39679819432503
88,86.67775041291856
90,89.47434122105497
-100,-90.7095206201279
10,13.62217496794483
95,92.10696628066815
82,81.71868289554305
90,89.73340543761387
42,44.07378889419105
50,56.442386065395645
28,30.76069755616112
91,89.96202651992658
66,66.76734958770017
85,83.46277970315775
90,89.73420421131834
86,88.25893423885286
92,90.02803047658065
88,89.28795942994763
